{"initial_reset_timestamp": 1602576133.4153345, "timestamps": [1602576137.883317, 1602576141.3317697, 1602576141.4394255, 1602576141.4789183, 1602576141.5144942, 1602576141.557502, 1602576141.6042943, 1602576141.6515174, 1602576144.4491515, 1602576144.5712583, 1602576144.621666, 1602576144.6572132, 1602576144.7021654, 1602576144.7458782, 1602576144.784088, 1602576144.8256373, 1602576144.871316, 1602576144.9202552, 1602576144.9679065, 1602576145.0177624, 1602576145.0677395, 1602576145.1082306, 1602576145.149909, 1602576145.1904442, 1602576145.2380393, 1602576145.279876, 1602576145.3226414, 1602576148.4169831, 1602576148.507888, 1602576148.5511358, 1602576148.5835488, 1602576148.6248345, 1602576148.6682682, 1602576148.7099001, 1602576148.7448297, 1602576148.7840471, 1602576148.8278732, 1602576148.8677628, 1602576148.90401, 1602576148.9456122, 1602576148.9819436, 1602576149.019297, 1602576149.0686505, 1602576149.1123698, 1602576149.1553388, 1602576149.196576, 1602576149.2363312, 1602576149.275824, 1602576149.322081, 1602576149.3611155, 1602576149.39971, 1602576149.4446595, 1602576149.4859965, 1602576149.5252976, 1602576149.5674376, 1602576149.6088507, 1602576149.6514797, 1602576149.6884055, 1602576149.7221594, 1602576149.7629287, 1602576149.8027873, 1602576149.8429198, 1602576149.8812125, 1602576149.920279, 1602576153.281395, 1602576153.4741447, 1602576153.5145264, 1602576153.5591354, 1602576153.5994122, 1602576153.6409845, 1602576153.6896124, 1602576153.7351067, 1602576153.777941, 1602576153.8127778, 1602576153.849358, 1602576153.8856044, 1602576153.926109, 1602576153.9679384, 1602576154.001549, 1602576154.0366092, 1602576154.0825186, 1602576154.1218245, 1602576154.1612093, 1602576154.1968482, 1602576154.2358234, 1602576154.275475, 1602576154.3205884, 1602576154.3648217, 1602576154.4051268, 1602576154.4501603, 1602576154.4908633, 1602576154.5334256, 1602576154.578228, 1602576154.6200912, 1602576154.6576545, 1602576154.6972768, 1602576154.7445087, 1602576154.7783828, 1602576154.8203435, 1602576154.8557072], "episode_lengths": [200, 200, 174, 191, 181, 180, 200, 200, 165, 196, 200, 171, 200, 172, 193, 194, 196, 200, 200, 198, 200, 200, 200, 198, 200, 200, 200, 184, 167, 200, 168, 184, 197, 198, 185, 198, 188, 179, 180, 195, 178, 176, 200, 200, 197, 200, 200, 189, 199, 195, 200, 190, 200, 187, 200, 195, 190, 190, 165, 197, 200, 200, 187, 200, 200, 194, 170, 200, 192, 187, 193, 200, 198, 183, 192, 193, 200, 199, 176, 169, 200, 200, 200, 179, 199, 193, 200, 197, 200, 200, 192, 200, 200, 200, 188, 200, 194, 166, 200, 176], "episode_rewards": [200.0, 200.0, 174.0, 191.0, 181.0, 180.0, 200.0, 200.0, 165.0, 196.0, 200.0, 171.0, 200.0, 172.0, 193.0, 194.0, 196.0, 200.0, 200.0, 198.0, 200.0, 200.0, 200.0, 198.0, 200.0, 200.0, 200.0, 184.0, 167.0, 200.0, 168.0, 184.0, 197.0, 198.0, 185.0, 198.0, 188.0, 179.0, 180.0, 195.0, 178.0, 176.0, 200.0, 200.0, 197.0, 200.0, 200.0, 189.0, 199.0, 195.0, 200.0, 190.0, 200.0, 187.0, 200.0, 195.0, 190.0, 190.0, 165.0, 197.0, 200.0, 200.0, 187.0, 200.0, 200.0, 194.0, 170.0, 200.0, 192.0, 187.0, 193.0, 200.0, 198.0, 183.0, 192.0, 193.0, 200.0, 199.0, 176.0, 169.0, 200.0, 200.0, 200.0, 179.0, 199.0, 193.0, 200.0, 197.0, 200.0, 200.0, 192.0, 200.0, 200.0, 200.0, 188.0, 200.0, 194.0, 166.0, 200.0, 176.0], "episode_types": ["t", "t", "t", "t", "t", "t", "t", "t", "t", "t", "t", "t", "t", "t", "t", "t", "t", "t", "t", "t", "t", "t", "t", "t", "t", "t", "t", "t", "t", "t", "t", "t", "t", "t", "t", "t", "t", "t", "t", "t", "t", "t", "t", "t", "t", "t", "t", "t", "t", "t", "t", "t", "t", "t", "t", "t", "t", "t", "t", "t", "t", "t", "t", "t", "t", "t", "t", "t", "t", "t", "t", "t", "t", "t", "t", "t", "t", "t", "t", "t", "t", "t", "t", "t", "t", "t", "t", "t", "t", "t", "t", "t", "t", "t", "t", "t", "t", "t", "t", "t"]}